ad_id,page_id,page_name,ad_creative_body,ad_creative_link_caption,ad_creative_link_description,ad_creative_link_title,ad_delivery_start_time,ad_delivery_stop_time,funding_entity,impressions_min,impressions_max,spend_min,spend_max,ad_url
2530702150300577,105732052794210,Democratic Unionist Party,"Digital infrastructure is vital to our economy and to tackling the UK's productivity problem. The DUP secured Â£150million for broadband in Northern Ireland. 

On top of that - we support:
ğŸŒ Full fibre networks for the UK. 
ğŸ“¶ 5G network rollout. 

Vote for a party with a 12-point plan to get Northern Ireland moving again. On 12th December, Vote DUP.",mydup.com,,www.mydup.com,2019-11-29T18:23:12+0000,2019-12-04T18:22:54+0000,Democratic Unionist Party,0,999,0,99,https://www.facebook.com/ads/library/?id=2530702150300577
1052112738473084,375618536172475,Cllr Sam Nicholson,"ğŸ“£LETS MAKE CHANGE TOGETHER!ğŸ“£

ğŸ”´Say no to a border in the Irish Sea
ğŸ”´Say no to the Boris/DUP Brexit Deal

 ğŸ”µWe want to reform Stormont and make it work for everyone!
ğŸ”µWe've had enough of political scandals 
ğŸ”µVote for project hope, not fear!

âVote NICHOLSON on December 12th!â",,,,2019-11-29T11:23:46+0000,2019-12-03T11:23:34+0000,Mr Gareth Ryan Hampton,0,999,0,99,https://www.facebook.com/ads/library/?id=1052112738473084
561771974599501,105732052794210,Democratic Unionist Party,"ğŸ™‹â€â™€ï¸ğŸ™‹â€â™‚ï¸You did it! ğŸ™‹â€â™€ï¸ğŸ™‹â€â™‚ï¸
By voting DUP in 2017 you delivered over Â£1.5 billion for Northern Ireland.  Make your vote count on 12th December. Vote DUP to get Northern Ireland moving again.",www.mydup.com,,Your vote can deliver for Northern Ireland,2019-11-28T19:15:53+0000,2019-12-09T19:15:41+0000,Democratic Unionist Party,8000,8999,0,99,https://www.facebook.com/ads/library/?id=561771974599501
718424775311531,735585959871494,East Antrim Sinn FÃ©in,"The DUP have ignored and dismissed the very real concerns people have with Brexit.

Sinn FÃ©in have stood against them.

We have used our influence where it matters.

https://www.sinnfein.ie/contents/55464",,,,2019-11-27T21:18:29+0000,2019-12-01T21:18:15+0000,Ciaran William Oconnor,0,999,0,99,https://www.facebook.com/ads/library/?id=718424775311531
1006080849725922,105732052794210,Democratic Unionist Party,"The DUP is a pro-life party.   
On December 12th vote for a party that chooses life.",,,,2019-11-27T17:00:43+0000,2019-12-02T17:00:43+0000,Democratic Unionist Party,25000,29999,100,199,https://www.facebook.com/ads/library/?id=1006080849725922
2198258700479233,105732052794210,Democratic Unionist Party,"Hard-working health staff have been forced to take strike action because there is no Assembly and no Minister to take decisions.

Vote DUP to restore the Assembly immediately - and deliver for our health service.",www.mydup.com,,Restore the Assembly to deliver for Health Staff,2019-11-26T19:25:47+0000,2019-12-02T19:25:30+0000,Democratic Unionist Party,15000,19999,100,199,https://www.facebook.com/ads/library/?id=2198258700479233
598381490920785,1935868476637300,Colum Eastwood,Thank you all who engaged with team SDLP today. We know people are frustrated with the failure of the DUP and Sinn Fein to restore government. A vote for the SDLP in this election is a vote to demand delivery and send a clear message to them that we want politicians back to work. #VoteEastwoodX #DerryDeservesDelivery,,,,2019-11-24T16:23:35+0000,2019-11-29T16:23:21+0000,Colum Eastwood,8000,8999,0,99,https://www.facebook.com/ads/library/?id=598381490920785
785511771909632,1935868476637300,Colum Eastwood,"Super Sunday selfie from the campaign trail with some of the team. People are telling us they are frustrated with the failure of the DUP and Sinn Fein to restore Stormont. People here want politicians back to work. 

Help us send that message to send politicians back to work by voting SDLP 12th December. Enough is enough - Derry deserves delivery.",,,,2019-11-24T14:42:22+0000,2019-11-29T14:42:10+0000,Colum Eastwood,4000,4999,0,99,https://www.facebook.com/ads/library/?id=785511771909632
2727176920846006,1935868476637300,Colum Eastwood,"Brexit isnâ€™t an issue for one community - it affects all of us. People in Derry - across the North - voted to remain in the European Union. The DUP have misrepresented us - they have silenced our voices and sidelined our interests. We need a voice for remain - I want to be that voice for all people across the Foyle constituency.

Watch more on this from me on #bbctheview ğŸ‘‡",,,,2019-11-24T09:57:17+0000,2019-11-29T09:57:05+0000,Colum Eastwood,3000,3999,0,99,https://www.facebook.com/ads/library/?id=2727176920846006
2421982304691282,105732052794210,Democratic Unionist Party,The DUP is the only party with a positive plan to get Northern Ireland moving again.  Vote DUP on 12th December.,www.mydup.com,,The DUP has a positive plan for NI,2019-11-24T09:00:00+0000,2019-12-01T09:00:00+0000,Democratic Unionist Party,25000,29999,200,299,https://www.facebook.com/ads/library/?id=2421982304691282
430773694238299,138824582821033,Ursus,"Duminica asta, se iese din casÄƒ Ã®n ordinea prioritÄƒÈ›ilor.",,,"ÃntÃ¢i vot, dup-aia bere",2019-11-22T14:53:17+0000,2019-11-24T19:00:07+0000,,20000,24999,0,99,https://www.facebook.com/ads/library/?id=430773694238299
633374893863918,105732052794210,Democratic Unionist Party,"The DUP's plan to get Northern Ireland moving again includes proposals for action to protect our animals. 

Download our plan at www.mydup.com",www.mydup.com,,,2019-11-22T11:15:05+0000,2019-11-27T12:09:05+0000,Democratic Unionist Party,15000,19999,200,299,https://www.facebook.com/ads/library/?id=633374893863918
958150397882607,1935868476637300,Colum Eastwood,"Just had a meeting with Resource Centre Derry with Mark Durkan and Nichola Mallon about impacts of Welfare reform. 

DUP, Sinn FÃ©in & Alliance all voted to hand that power back to the Tories. In March, thousands face hardship, we want to be in the Assembly to fight against cuts.

#DerryDeservesDelivery #EnoughIsEnough

Vote Eastwood âŒ Vote SDLP",,,,2019-11-21T22:12:53+0000,2019-11-26T22:12:41+0000,Colum Eastwood,10000,14999,0,99,https://www.facebook.com/ads/library/?id=958150397882607
586370428836116,1935868476637300,Colum Eastwood,"Speaking to nurses and health sector workers it's clear they're overworked and underpaid. This is total disgrace.

The failure of the DUP and Sinn FÃ©in to restore the Assembly is preventing delivery of fair pay.

Send a message to send politicians back to work.
Vote Eastwood âŒ on 12th Dec.
#DerryDeservesDelivery #EnoughIsEnough",,,,2019-11-21T22:12:07+0000,2019-11-26T22:11:55+0000,Colum Eastwood,0,999,0,99,https://www.facebook.com/ads/library/?id=586370428836116
546404979243824,105732052794210,Democratic Unionist Party,"A vote for the DUP is a vote to get Northern Ireland moving again - on health, education and the issues that matter to you.",www.mydup.com,,Vote to get NI moving again,2019-11-21T16:32:39+0000,2019-11-28T16:32:21+0000,Democratic Unionist Party,30000,34999,200,299,https://www.facebook.com/ads/library/?id=546404979243824
711044099385134,106711940790613,Steve Aiken for East Antrim,"New Ulster Unionist Party leader Steve Aiken standing in East Antrim 

New Ulster Unionist Party Leader Dr Steve Aiken OBE MLA has been nominated as his partyâ€™s candidate for the General Election in East Antrim.

The 57-year-old, who lives in the constituency, served 31 years in the Royal Navy during which time he commanded nuclear submarines, was made an OBE and was awarded the US Meritorious Service Medal for his military service in the Middle East.   Since his retirement from the Service Steve has been a CEO, before becoming an MLA for neighbouring South Antrim in 2016. 

Steve said:
â€œIt is an enormous privilege to be selected to be the Ulster Unionist candidate in the forthcoming Westminster election.  As well as living in the constituency, I have strong connections with East Antrim - having been educated at Belfast High School, learned to sail at Carrickfergus Sailing Club, with strong family connections to Carrick, and believe strongly it is time that we have a change in who represents us at Westminster.

â€œWe need to give East Antrim the chance to elect an MP who will put the Union first, fight Boris Johnsonâ€™s withdrawal deal and stand up for all the people of East Antrim; regardless of religion, identity, gender or class.

â€œI am standing in East Antrim because I believe in leading from the front.  I want to challenge the sitting MP on policy- and be in no doubt that it was his and the DUPâ€™s reckless policy which has led to the current mess where the rest of the UK is set to leave the EU with Northern Ireland left behind in a constitutional limbo.

â€œNever has a General Election been more important.  With the outcome so uncertain, it is essential that East Antrim returns an MP who will fight to stop Borisâ€™s Withdrawal Deal, - who wonâ€™t succumb to the folly of putting a border down the Irish Sea, who will not vote to cap Nurses pay and who will enact legislation to fight the climate emergency-rather than deny its very existence.  

â€œThe Ulster Unionist Party voted, on balance, to remain in the referendum. As a democratic party we recognised the result of that referendum.  However, as a unionist party, right now with Boris Johnsonâ€™s withdrawal deal being the only one on the table, we have to recognise a clear fact â€“ if the Conservativesâ€™ deal goes through, Northern Ireland will, well and truly, become a â€˜place apartâ€™.

â€œI offer pro-Union voters a choice.  A choice between an Ulster Unionist candidate who will offer a positive, progressive vision for unionism, protecting our place within the United Kingdom and the sitting DUP MP who has dropped the ball, allowing a border to be put up the Irish Sea and whose party has dragged the reputation of unionism into the gutter.

â€œWhat drives me is doing whatâ€™s best for my constituents, and trying to make Northern Ireland work again.  We can only do that by changing who represents us at Parliament, and Iâ€™m asking the people of East Antrim to come out and vote for me on the 12th December as the only person who can make that change happen.â€

John Stewart Roy Beggs Keith James Turner Maureen Morrow Andrew Wilson Steve Aiken OBE MLA",,,,2019-11-21T15:59:13+0000,2019-11-22T15:58:59+0000,James Hugh Carson,0,999,0,99,https://www.facebook.com/ads/library/?id=711044099385134
766716003792628,782447081914612,Paul Girvan for South Antrim,The DUP is committed to high standards of Animal Care. There are a number of areas where the DUP wants to see further legislative and policy action â¬‡ï¸â¬‡ï¸â¬‡ï¸,,,,2019-11-21T11:25:27+0000,2019-11-26T11:25:12+0000,William Paul Girvan,3000,3999,0,99,https://www.facebook.com/ads/library/?id=766716003792628
2759873360700572,452923031759010,Elisha McCallion MP,"Sinn FÃ©in MPs made sure your voice was heard on Brexit where it counts - in Brussels, Dublin and Washington. We said there would be no hardening of the border, no unionist veto and that we woud protect the Good Friday Agreement. I will continue to stand up for Ireland's interests   against Tory/DUP Brexiteers. That's my pledge to you the people of Derry.",,,Making your voice heard where it matters on Brexit,2019-11-20T23:08:26+0000,2019-11-24T23:08:06+0000,Sinn FÃ©in Ireland,10000,14999,0,99,https://www.facebook.com/ads/library/?id=2759873360700572
758430511342321,105732052794210,Democratic Unionist Party,"In three weeks time you can help get Northern Ireland moving again. Elect DUP MPs who will go to Westminster, to turn up and speak up for you.",,,MPs who will turn up and speak up for you,2019-11-20T18:49:11+0000,2019-11-25T18:49:00+0000,Democratic Unionist Party,25000,29999,200,299,https://www.facebook.com/ads/library/?id=758430511342321
3174462875913870,1935868476637300,Colum Eastwood,"For over 50 years Derry has been discriminated against because of the lack of a full size university.

We had 10 years of the DUP and Sinn Fein running a Government who still didnâ€™t invest properly in our university.

This is our chance to invest in Derry, to get a medical school and expand Magee. That wonâ€™t happen without politicians getting back to work.

Send a message in this election - send politicians back to work and demand delivery for Derry. #VoteSDLP #VoteEastwoodX",,,,2019-11-20T13:24:26+0000,2019-11-25T13:24:14+0000,Colum Eastwood,6000,6999,0,99,https://www.facebook.com/ads/library/?id=3174462875913870
2579807895671184,105732052794210,Democratic Unionist Party,ğŸ“ºWatch Nigel Dodds talking about the DUP's 12 point plan to get NI moving again.ğŸ“º,,,,2019-11-20T10:13:33+0000,2019-11-24T10:00:59+0000,Democratic Unionist Party,6000,6999,0,99,https://www.facebook.com/ads/library/?id=2579807895671184
2203090866667084,1935868476637300,Colum Eastwood,"For three years, the democratic decision taken by people in Northern Ireland to reject a border on this island, to maintain the free and frictionless relationship we enjoy with Europe and to sustain our fragile peace has been wilfully ignored by successive Tory governments and by the DUP.

The coming election is an opportunity to reject the politics of division and deadlock and defend our interests.

Register to vote by 26th November to have your voice heard. https://www.gov.uk/register-to-vote",,,,2019-11-20T00:21:07+0000,2019-11-25T00:20:57+0000,Colum Eastwood,1000,1999,0,99,https://www.facebook.com/ads/library/?id=2203090866667084
2333705703404932,1935868476637300,Colum Eastwood,"SDLP supports the nurses decision to strike as our health sector workers deserve fair pay. Failure of the DUP & Sinn FÃ©in to restore the Assembly is preventing delivery of fair pay. 

Send a message to send politicians back to work. 
Vote Eastwood on 12th December âŒ",,,,2019-11-20T00:20:55+0000,2019-11-25T00:20:42+0000,Colum Eastwood,0,999,0,99,https://www.facebook.com/ads/library/?id=2333705703404932
1153103714892043,669323733273130,Cllr. SÃ©amas De Faoite,"If they win this election, the Tory/DUP coalition will continue to force through their privatisation of our NHS and open it up to Donald Trumpâ€™s sinister agenda of greed.

A vote for Claire Hanna on December 12th is a vote to #SaveOurNHS.",,,,2019-11-19T20:43:48+0000,2019-11-22T20:43:30+0000,Seamas de Faoite,3000,3999,0,99,https://www.facebook.com/ads/library/?id=1153103714892043
2707539475951638,947538371983032,Turn The Page,"'Those election promises'

The UK has just embarked on yet another general election. Once again, the airwaves are full of promises with political parties pledging to spend billions on education, healthcare, and housing. But in a world now dominated by â€˜fake newsâ€™ weâ€™re deeply cynical that once the election is over many of them will be forgotten. But maybe we have reason to be more hopeful.

In 2017 a study of 12 European and North American nations found that parties elected to office were likely to fulfil their campaign promises to a considerable extent.

In a similar way itâ€™s all too easy to be dismissive of the church and cynical about the Good News that Christians are supposed to represent. But listen to these words from Jesus in a declaration about why he had come, â€˜The Spirit of the Lord is on meâ€¦ to preach good news to the poorâ€¦ proclaim freedom for prisonersâ€¦ recovery of sight for the blindâ€¦ release for the oppressed.â€™ During his life on earth Jesus fulfilled these promises in every way.

Politicians will come and go, making and breaking promises, and then disappearing into history. Jesus, on the other hand, has been keeping his promises for 2,000 years and always will.

www.turn-the-page.co.uk

You can listen to this story and many others by subscribing to the Turn The Page podcast in iTunes

#election #electionpromises #parliament #conservatives #labour #libdems #dup #greenparty #Brexitparty #snp #nazarethmanifesto #manifesto",,,,2019-11-19T15:06:56+0000,2019-11-24T15:06:44+0000,Simon Allaby,1000,1999,0,99,https://www.facebook.com/ads/library/?id=2707539475951638
2545515895502485,1935868476637300,Colum Eastwood,"â€ªReports show our health service is in crisis with 120,201 on waiting lists over a year for planned care, yet the DUP and Sinn Fein are keeping people waiting on a Government. â€¬

â€ªSend a message in this election to send politicians back to work. Vote SDLP #EnoughIsEnough â€¬",,,,2019-11-19T14:04:06+0000,2019-11-24T14:03:53+0000,Colum Eastwood,7000,7999,0,99,https://www.facebook.com/ads/library/?id=2545515895502485
781100382357423,889117294444581,Danny Kinahan,"#progressive #inclusive South Antrim  has ONLY one choice to replace the DUP. Here he is speaking in the Assembly in 2015. On December 12th in South Antrim, only #KinaCan",youtube.com,Danny Kinahan MLA's speech to the Northern Ireland Assembly in support of Same Sex Marriage,Danny Kinahan MLA Same Sex Marriage,2019-11-18T18:54:08+0000,2019-12-10T18:53:53+0000,William Joseph Manwaring,6000,6999,0,99,https://www.facebook.com/ads/library/?id=781100382357423
3324951420880654,1935868476637300,Colum Eastwood,"Another day of Boris Johnson banging his Brexit drum. Letâ€™s send a message on Dec 12, that Boris, the Tories and the DUP do not speak for us. 

Send SDLP MPs to Westminster to fight for you, to fight against Brexit and to fight against Boris/DUP rule. We wonâ€™t let you down. 

Demand a voice, demand delivery, demand a better Derry. Register to vote ğŸ‘‰ https://www.eoni.org.uk/Register-To-Vote/Register-to-vote-change-address-change-name",,,,2019-11-18T11:54:38+0000,2019-11-21T11:54:25+0000,Colum Eastwood,2000,2999,0,99,https://www.facebook.com/ads/library/?id=3324951420880654
2420174811414443,114758323268600,Bedford Brexit Party - Candidate Charles Bunker,"The chances of a Labour Majority Government are zero or close to zero says Sir John Curtice, the most authoritative independent pollster. Consequently the Conservative claim vote Brexit get Corbyn is unfounded.

A Labour MP in a minority Labour Government will have little influence and no power â€“ a wasted vote.

A Conservative MP in a majority Conservative Government will have little influence and no power â€“ a wasted vote.

As an MP in The Brexit Party holding the balance of power I will have considerable power and influence. Together with my colleagues, I will be able to:

â€¢ Ensure a clean-break Brexit.
â€¢ Keep the Tories honest.
â€¢ Use our leverage to get the best for the residence of Bedford â€“ look at what 12 DUP  MPâ€™s did in Northern Ireland. 

Worried about your hospital? Worried about the lack of policing? It makes sense for the people of Bedford to vote for Charles Bunker, their Brexit Party candidate at the General Election on December 12th.

This video link explains the argument in greater detail.

Follow me on Twitter @CharlesBunker

I am Charles Bunker. I am the Brexit Party Candidate for the constituency of Bedford and I paid for this advertisement.

83 Victoria Street, London, SW1H 0HW

https://youtu.be/d5_NKxjtCKg",youtube.com,"Hear from The Brexit Party candidate in Bedford, Charles Bunker, on why The Brexit Party is the best strategic option for the voters of Bedford.",Why The Brexit Party Benefits Bedford,2019-11-18T04:10:22+0000,2019-11-28T04:10:20+0000,Charles Spencer Bunker,2000,2999,0,99,https://www.facebook.com/ads/library/?id=2420174811414443
2354089548235421,111956985487415,Social Democratic and Labour Party (SDLP),"The Northâ€™s largest pro-Remain campaign group has endorsed Colum Eastwood to be the next MP for Foyle.

If you want to stop Brexit, send an MP to Westminster who will vote against Boris Johnson and the DUP. 

Vote Eastwood X on December 12th.",,,,2019-11-17T12:37:03+0000,2019-11-21T12:36:48+0000,Social Democratic and Labour Party (SDLP),3000,3999,0,99,https://www.facebook.com/ads/library/?id=2354089548235421
2457529044486044,10642639740,Alliance Party of Northern Ireland,It's Stephen Farry or the DUP in North Down.,allianceparty.org, ,Help us Demand Better.,2019-11-16T22:05:06+0000,2019-11-21T22:05:06+0000,Alliance Party of Northern Ireland,30000,34999,200,299,https://www.facebook.com/ads/library/?id=2457529044486044
718206818680938,1935868476637300,Colum Eastwood,"Just had a meeting with Resource Centre Derry with Mark Durkan and Nichola Mallon about impacts of Welfare reform. 

DUP, Sinn FÃ©in & Alliance all voted to hand that power back to the Tories. In March, thousands face hardship, we want to be in the Assembly to fight against cuts.

#DerryDeservesDelivery #EnoughIsEnough

Vote Eastwood âŒ Vote SDLP",,,,2019-11-16T14:11:00+0000,2019-11-21T14:10:48+0000,Colum Eastwood,9000,9999,0,99,https://www.facebook.com/ads/library/?id=718206818680938
998790413819273,452923031759010,Elisha McCallion,"This election is your opportunity to reject Brexit, the Tories, the DUP and Westminster. 

We said there would be no hard border, no DUP veto and that the Good Friday Agreement would be protected. We delivered on that promise. 

It's time to build our future together. It's time for Irish Unity. 

On 12 December, vÃ³tÃ¡il Elisha McCallion âŒ",,,Sinn FÃ©in Westminster Election Broadcast 2019,2019-11-14T16:06:14+0000,2019-11-17T16:05:24+0000,Sinn FÃ©in Ireland,5000,5999,0,99,https://www.facebook.com/ads/library/?id=998790413819273
549580892496244,421660725077543,Lilian Seenoi-Barr for Council,"Let's talk NHS and NURSES PAY! 
Who is to blame for nurses going on strike? 10 DUP MPS voted to open the NHS Privatisation, 7 Sinn Fein MPs stood outside parliament building and did nothing about it, that was 7 Votes to stop the Torries/DUP pack.

Definitely REJECT ALL OF THEM! On 12th December - If you turn up for the SDLP they will turn up for you and DEFEND THE NHS. EVERY VOTE COUNTS! 

#VOTEEASTWOODX #VOTEMCCROSSANX #VOTEHANNAX  #HUNTERX #VOTESDLP",,,,2019-11-14T14:27:44+0000,2019-11-24T14:27:43+0000,Lilian Seenoi,3000,3999,0,99,https://www.facebook.com/ads/library/?id=549580892496244
573256210144164,105732052794210,Democratic Unionist Party,"ğŸ“ºWatch our first Party Election Broadcast ğŸ“º

Lets Get Northern Ireland Moving Again. 
Vote DUP on December 12th for a strong team that will speak up for Northern Ireland.",www.mydup.com,,DUP Party Election Broadcast 1,2019-11-14T11:16:50+0000,2019-11-19T11:16:35+0000,Democratic Unionist Party,15000,19999,0,99,https://www.facebook.com/ads/library/?id=573256210144164
963329917356157,782447081914612,Paul Girvan for South Antrim,"The DUP are committed to delivery for everyone in Northern Ireland. I am particularly pleased with the additional support we secured for special educational needs. More needs done, and further delivery will remain my priority.",,,,2019-11-14T11:07:55+0000,2019-11-19T11:07:40+0000,William Paul Girvan,0,999,0,99,https://www.facebook.com/ads/library/?id=963329917356157
622331051636108,452923031759010,Elisha McCallion,"Reject Brexit, the Tories and DUP.
Build a better Derry.
Register to vote today.",,Get on the electoral register so you can vote in elections and referendums.,Register To Vote,2019-11-13T09:52:09+0000,2019-11-18T09:51:16+0000,Sinn FÃ©in Ireland,10000,14999,0,99,https://www.facebook.com/ads/library/?id=622331051636108
479279776267424,105732052794210,Democratic Unionist Party,"Some DUP candidates are already nominated.  
Your vote will matter in this election - use it to send a strong DUP team to Westminster and to deliver for everyone in Northern Ireland.",,,Your Vote Matters,2019-11-12T12:43:08+0000,2019-11-16T12:42:55+0000,Democratic Unionist Party,15000,19999,0,99,https://www.facebook.com/ads/library/?id=479279776267424
743083742784635,1935868476637300,Colum Eastwood,"Speaking to nurses and health sector workers it's clear they're overworked and underpaid. This is total disgrace.

The failure of the DUP and Sinn FÃ©in to restore the Assembly is preventing delivery of fair pay.

Send a message to send politicians back to work.
Vote Eastwood âŒ on 12th Dec.
#DerryDeservesDelivery #EnoughIsEnough",,,,2019-11-11T17:30:18+0000,2019-11-21T17:30:18+0000,Colum Eastwood,15000,19999,100,199,https://www.facebook.com/ads/library/?id=743083742784635
797026884081602,10642639740,Alliance Party of Northern Ireland,"Good news - the DUP can't win in South Belfast! 
RemainUnited.org are right in saying South Belfast is now a 2-way race between Alliance and the SDLP.

The even better news is that polling shows Alliance ahead. In South Belfast, if you vote Alliance, you'll get Alliance. 

By the way, they're also tipping Alliance as your best bet to topple the DUP and stop Brexit in 6 other seats. Put in your postcode and check out their recommendation for your area below:

https://www.remainunited.org/",,,,2019-11-11T09:27:17+0000,2019-11-16T09:27:06+0000,Alliance Party of Northern Ireland,10000,14999,0,99,https://www.facebook.com/ads/library/?id=797026884081602
566885160788373,10642639740,Alliance Party of Northern Ireland,Join Naomi's team. Help us take 3 DUP seats.,www.allianceparty.org,,Demand Better.,2019-11-10T20:26:38+0000,2019-11-11T16:09:58+0000,Alliance Party of Northern Ireland,3000,3999,0,99,https://www.facebook.com/ads/library/?id=566885160788373
418944835446130,111956985487415,Social Democratic and Labour Party (SDLP),"Boris Johnson was in Northern Ireland today. Do you think he spoke to:

âŒ People suffering as a result of welfare cuts
âŒ Border communities affected by Brexit
âŒ Health Service staff doing more work with fewer resources and for less money

âœ… Mr Tayto.

He doesn't care about people here and the DUP have propped up his government for five minutes of influence that has already run out.

On 12th December - show them the door. Stop Boris. Stop Brexit vote SDLP.

Read more from Colum Eastwood MLA http://sdlp.ie/news/2019/eastwood-johnson-should-face-voters/",,,,2019-11-07T20:15:34+0000,2019-11-11T20:15:20+0000,Social Democratic and Labour Party (SDLP),2000,2999,0,99,https://www.facebook.com/ads/library/?id=418944835446130
779048605876673,10642639740,Alliance Party of Northern Ireland,Join Naomi's team. Help us take 3 DUP seats.,www.allianceparty.org,,Demand Better.,2019-11-04T16:10:58+0000,2019-11-11T16:09:58+0000,Alliance Party of Northern Ireland,30000,34999,100,199,https://www.facebook.com/ads/library/?id=779048605876673
696556554176189,782447081914612,Paul Girvan for South Antrim,Voting DUP means more for Northern Ireland. For everyone. #GIRVANX,,,,2019-11-04T11:45:30+0000,2019-11-09T11:45:24+0000,William Paul Girvan,4000,4999,0,99,https://www.facebook.com/ads/library/?id=696556554176189
411867209726934,660119217766656,James Wells MEP,"Why the hell would you trust Boris Johnson?

Promises he has made that turned out to be lies..

â¡ï¸ He promised Mayâ€™s WA is dead to the ERG
â¡ï¸ He said do or die we are leaving on 31st
â¡ï¸ He insisted heâ€™d die in a ditch b4 sending a letter
â¡ï¸ He stood up at the DUP party conference in July and said he would never put a border in the Irish Sea
â¡ï¸ Now he is taking no-deal off the table!!

Anyone thinking of voting Tory needs to WAKE UP

They represent the same old politics we have watched with utter disgust this past 3 years!

Seriously, wake up people!

http://www.thetimes.co.uk/article/191e9d8c-fcf7-11e9-837f-79f312a00fbd",thetimes.co.uk,"Boris Johnson has abandoned the threat of a no-deal Brexit in the Conservative manifesto in a move designed to capture the centre ground, The Times has been told. The prime ministerâ€™s manifesto...",Boris Johnsonâ€™s manifesto will abandon threat of a no-deal Brexit,2019-11-02T07:05:42+0000,2019-11-05T07:05:27+0000,James Freeman Wells,4000,4999,0,99,https://www.facebook.com/ads/library/?id=411867209726934
1211965955838671,100205398044491,Coleraine Sinn FÃ©in,"ğŸ“¢ The election on Thursday 12th December is hugely important, itâ€™s your opportunity to reject the Tory/DUP Brexit!

ğŸ“ If you are studying at Ulster University Coleraine and need a postal or proxy vote for Election Day, get in touch with this page and we can help you sort it.

ğŸ—³ If you want to check you are registered to vote, also get in touch.

You can register online at: https://www.gov.uk/register-to-vote",,,,2019-11-01T09:44:02+0000,2019-11-05T09:43:51+0000,SORCHA HANORA FLEMING-ARCHIB,1000,1999,0,99,https://www.facebook.com/ads/library/?id=1211965955838671
749624978814446,782447081914612,Paul Girvan for South Antrim,"POSTAL AND PROXY VOTES - SECURE YOUR VOTE TODAY!
Maximising the vote for the Union is vital on 12th December. If you are unable to vote at a polling station, please act NOW to secure a postal or proxy vote. Contact your local DUP office or PM me for assistance. #GirvanX",,,,2019-10-30T13:22:20+0000,2019-11-04T13:22:15+0000,William Paul Girvan,6000,6999,0,99,https://www.facebook.com/ads/library/?id=749624978814446
535548960594229,1816763931890214,Society for the Protection of Unborn Children in Northern Ireland,Welcome words from Arlene Foster. This barbaric abortion regime must be repealed. SHARE to let people know it can be done!,,,"DUP leader Arlene Foster backs repeal of ""unacceptable"" Westminster abortion law",2019-10-28T15:18:34+0000,2019-11-02T15:18:16+0000,SPUC (Society for the Protection of Unborn Children),7000,7999,0,99,https://www.facebook.com/ads/library/?id=535548960594229
450178388950248,396013737832767,I Love EU,"Borisâ€™s Top Secret Diary. Monday 21st October 2019. 
7.00
Memo to Treasury ğŸ’·. Send a secret ğŸ¤«donation to the SNPğŸ´ó §ó ¢ó ³ó £ó ´ó ¿ to grease the wheels âš™ï¸ of their departure ğŸš². 
7.02
When I went to Jockland ğŸ´ó §ó ¢ó ³ó £ó ´ó ¿ I was pelted with haggas ğŸ¥”, then trussed up by the Gorbals ğŸ’ and castigated ğŸ—œ in the Trossachs ğŸ˜«. 
7.05
The DUP ğŸ¤® were collateral damage ğŸ’£. I canâ€™t be loyal to the Loyalists ğŸ’” and stay loyal to Brexit ğŸ‡¬ğŸ‡§ğŸ§¨ğŸ‡ªğŸ‡º. Trump ğŸƒ had a similar conflict of conscience ğŸ¤” with the Kurds ğŸ¶. 
7.10
The Trade Agreement will be fun ğŸ˜‚.  Iâ€™ll insist on the same benefits outside the EU ğŸ‡¬ğŸ‡§ that we had in the EU ğŸ‡ªğŸ‡º. â€œHave our ğŸ° and eat it .â€œ
7.14
When they refuse the Sun â˜€ï¸, ExpressğŸš‚, Telegraph ğŸ and Mail ğŸ“­ will explode like ğŸŒ‹ğŸŒ‹ğŸŒ‹ğŸŒ‹, and scream ğŸ˜± NO DEAL, FRITZ! 
7.22
The 7th Cavalry ğŸº will save us ğŸ‡ºğŸ‡¸ğŸ¤ . Chlorinated fried ğŸ—, with a side of salmonella ğŸ¦ . Hormone burgersğŸ”and genetically ğŸ§¬ modified pork ğŸ–bellies. *Vegans ğŸ¥‘ğŸ¥¦ need not apply ğŸ˜­. 
7.33
After we won the World ğŸŒ Cup ğŸ† in 1966, that should have been the end of it. No more âš½ï¸. 
7.50
When Thatcher ğŸºhad a landslide victory ğŸ† in 1983 she should have said, ğŸ—£ â€œThe  will of the people ğŸ‘¨â€ğŸ‘©â€ğŸ‘§â€ğŸ‘¦ is clear, no more elections ğŸ—³ and no changing ğŸ”¼ğŸ”½ your minds ğŸ¤”after 4 years!
8.00
Carpenters ğŸ‘·ğŸ¼â€â™‚ï¸ say â€œmeasure twice ğŸ”¢ ğŸ”¢ and cut once ğŸ¦‰.â€ We say donâ€™t bother ğŸ˜´, just cut ğŸ”ª, it will be fine. ğŸ²ğŸ°ğŸ‡ğŸ¾ğŸ’¥. Trust Me.ğŸ¦‚",,,,2019-10-21T09:47:50+0000,2019-10-31T09:47:37+0000,Terence Brotheridge,0,999,0,99,https://www.facebook.com/ads/library/?id=450178388950248
2688623931198834,999682533550783,Loving Europe 2,"Borisâ€™s Top Secret Diary. Monday 21st October 2019. 
7.00
Memo to Treasury ğŸ’·. Send a secret ğŸ¤«donation to the SNPğŸ´ó §ó ¢ó ³ó £ó ´ó ¿ to grease the wheels âš™ï¸ of their departure ğŸš². 
7.02
When I went to Jockland ğŸ´ó §ó ¢ó ³ó £ó ´ó ¿ I was pelted with haggas ğŸ¥”, then trussed up by the Gorbals ğŸ’ and castigated ğŸ—œ in the Trossachs ğŸ˜«. 
7.05
The DUP ğŸ¤® were collateral damage ğŸ’£. I canâ€™t be loyal to the Loyalists ğŸ’” and stay loyal to Brexit ğŸ‡¬ğŸ‡§ğŸ§¨ğŸ‡ªğŸ‡º. Trump ğŸƒ had a similar conflict of conscience ğŸ¤” with the Kurds ğŸ¶. 
7.10
The Trade Agreement will be fun ğŸ˜‚.  Iâ€™ll insist on the same benefits outside the EU ğŸ‡¬ğŸ‡§ that we had in the EU ğŸ‡ªğŸ‡º. â€œHave our ğŸ° and eat it .â€œ
7.14
When they refuse the Sun â˜€ï¸, ExpressğŸš‚, Telegraph ğŸ and Mail ğŸ“­ will explode like ğŸŒ‹ğŸŒ‹ğŸŒ‹ğŸŒ‹, and scream ğŸ˜± NO DEAL, FRITZ! 
7.22
The 7th Cavalry ğŸº will save us ğŸ‡ºğŸ‡¸ğŸ¤ . Chlorinated fried ğŸ—, with a side of salmonella ğŸ¦ . Hormone burgersğŸ”and genetically ğŸ§¬ modified pork ğŸ–bellies. *Vegans ğŸ¥‘ğŸ¥¦ need not apply ğŸ˜­. 
7.33
After we won the World ğŸŒ Cup ğŸ† in 1966, that should have been the end of it. No more âš½ï¸. 
7.50
When Thatcher ğŸºhad a landslide victory ğŸ† in 1983 she should have said, ğŸ—£ â€œThe  will of the people ğŸ‘¨â€ğŸ‘©â€ğŸ‘§â€ğŸ‘¦ is clear, no more elections ğŸ—³ and no changing ğŸ”¼ğŸ”½ your minds ğŸ¤”after 4 years!
8.00
Carpenters ğŸ‘·ğŸ¼â€â™‚ï¸ say â€œmeasure twice ğŸ”¢ ğŸ”¢ and cut once ğŸ¦‰.â€ We say donâ€™t bother ğŸ˜´, just cut ğŸ”ª, it will be fine. ğŸ²ğŸ°ğŸ‡ğŸ¾ğŸ’¥. Trust Me.ğŸ¦‚",,,,2019-10-21T09:45:50+0000,2019-10-31T09:45:37+0000,Terence Brotheridge,0,999,0,99,https://www.facebook.com/ads/library/?id=2688623931198834
1413177492167853,112846662487263,Labour Future,"The Labour Party is set to make one last stand against Prime Minister, Boris Johnsonâ€™s withdrawal agreement, by voting against it in the House of Commons on Saturday. Labour MPs have been told by the leadership to vote against the government agreement, which would allow Britain's departure from the Euopean Union by Oct. 31. The agreement has been labeled a â€œsell outâ€, with fears it â€œfails to deliver an orderly withdrawal.â€

The Labour front bench was united in their opposition to the deal. John McDonnell, the Shadow Chancellor tweeted â€œThe more people examine the text of [the] Johnson deal, the more you realise what a sell out deal it is. Itâ€™s not just the DUP, heâ€™s sold out virtually very sector of our economy & all those who may have voted to leave believing a deal could be secured that protected their jobs. #Sellout.â€

https://bywire.news/articles/labour-to-make-their-final-stand-against-johnsons-destructive-tory-brexit",bywire.news,"LONDON - (Labour Buzz)Â On Thursday, Boris Johnson secured the agreement of EU leaders at a special summit in Brussels....",Labour to make their final stand against Johnsonâ€™s destructive Tory Brexit,2019-10-18T20:59:30+0000,2019-10-19T20:59:25+0000,Labour Future,2000,2999,0,99,https://www.facebook.com/ads/library/?id=1413177492167853
2965602310134056,173121869419676,The Bow Group,"We join the DUP, Bruges Group, & Fishing for Leave in opposing the government's proposed #BrexitDeal 

It doesn't return the UK to sovereign independence, & a managed #NoDeal #Brexit remains the only plausible solution to fulfilling the terms of the #EUReferendum

Statement:",,,,2019-10-18T05:39:53+0000,2019-10-20T05:39:52+0000,The Bow Group,0,999,0,99,https://www.facebook.com/ads/library/?id=2965602310134056
562232614511495,136191876445102,Alex Salmond,"'Boris' Brexit Breakthrough?'

The Alex Salmond Show examines the final countdown to #Brexit and finds that if Boris Johnson can square the DUP he might carry Parliament to support a soft Brexit for Ireland and a hard Brexit for Britain. But will this potential deal to leave the European Union result in the breakup of the union of Great Britain and Northern Ireland?",,,,2019-10-17T23:00:29+0000,2019-10-20T14:25:25+0000,Slainte Media,1000,1999,0,99,https://www.facebook.com/ads/library/?id=562232614511495
529080947891520,112846662487263,Labour Future,"Britain's main opposition Labour Party cannot support the Brexit deal agreed on Thursday (October 17) between the European Union and the British government, its leader Jeremy Corbyn said.

""As it stands we cannot support this deal ... also it is unclear whether it has the support of his allies in the DUP, or indeed, many allies on his own backbenchers,"" he said.

Asked whether he would put forward a motion of no-confidence to try to bring down Prime Minister Boris Johnson during a planned extraordinary session in parliament on Saturday, Corbyn said the weekend was a time to discuss the Brexit deal and other issues would be for next week.",bywire.news,,UK opposition leader Corbyn says his party cannot support Brexit deal,2019-10-17T21:41:24+0000,2019-10-18T21:41:16+0000,Labour Future,4000,4999,0,99,https://www.facebook.com/ads/library/?id=529080947891520
2261550783954966,963029853872343,Bywire News,"ğ‘©ğ‘¹ğ‘¬ğ‘¨ğ‘²ğ‘°ğ‘µğ‘® ğ‘µğ‘¬ğ‘¾ğ‘º: ğ‘¬ğ‘¼/ğ‘¼ğ‘² ğ‘©ğ‘¹ğ‘¬ğ‘¿ğ‘°ğ‘» ğ‘«ğ‘¬ğ‘¨ğ‘³ ğ‘¯ğ‘¨ğ‘½ğ‘¬ ğ‘©ğ‘¬ğ‘¬ğ‘µ ğ‘¨ğ‘®ğ‘¹ğ‘¬ğ‘¬ğ‘«! 

ğ—£ğ—  ğ—ğ—¼ğ—µğ—»ğ˜€ğ—¼ğ—» ğ—µğ—®ğ—¶ğ—¹ğ˜€ 'ğ—´ğ—¿ğ—²ğ—®ğ˜' ğ—»ğ—²ğ˜„ ğ—•ğ—¿ğ—²ğ˜…ğ—¶ğ˜ ğ—±ğ—²ğ—®ğ—¹ ğ—¯ğ˜‚ğ˜ ğ——ğ—¨ğ—£ ğ˜€ğ—®ğ˜†ğ˜€ 'ğ—»ğ—¼'

WESTMINSTER - (Bywire News) Prime Minister Boris Johnson said on Thursday that Britain and the European Union had agreed a ""great"" new Brexit deal but still faced resistance from the Northern Irish Democratic Unionist Party (DUP) as he sought support for the deal.

Britain and the European Union have been racing to renegotiate the Withdrawal Agreement in time for an Oct. 31 Brexit, but the deal still needs approval from parliament.

""We've got a great new deal that takes back control,"" Johnson said in a tweet.

""Now parliament should get Brexit done on Saturday so we can move on to other priorities like the cost of living, the NHS, violent crime and our environment.""

However, the DUP, who have expressed concerns that the Brexit deal could cut Northern Ireland off from Britain in customs and regulatory terms, said there had been no change in their position following the confirmation of the deal.

Earlier the DUP had said it could not support the last-ditch Brexit proposal due to concerns about the issues of customs and consent, adding there was a lack of clarity on VAT (sales tax) arrangements.

https://bywire.news/articles/brexit-deal-agreed-with-eu-clinched-in-brussels-johnson-still-needs-backing-at-home",bywire.news,PM Johnson hails 'great' new Brexit deal but DUP says 'no' WEWSTMINISTER - (Bywire News) Prime Minister Boris Johnson s...,"BREXIT DEAL AGREED WITH EU - clinched in Brussels, Johnson still needs backing at home",2019-10-17T10:09:53+0000,2019-10-18T10:09:49+0000,Bywire News,2000,2999,0,99,https://www.facebook.com/ads/library/?id=2261550783954966
2141748929465077,1291676554181443,Labour Leave,"ğ‘©ğ‘¹ğ‘¬ğ‘¨ğ‘²ğ‘°ğ‘µğ‘® ğ‘µğ‘¬ğ‘¾ğ‘º: ğ‘¬ğ‘¼/ğ‘¼ğ‘² ğ‘©ğ‘¹ğ‘¬ğ‘¿ğ‘°ğ‘» ğ‘«ğ‘¬ğ‘¨ğ‘³ ğ‘¯ğ‘¨ğ‘½ğ‘¬ ğ‘©ğ‘¬ğ‘¬ğ‘µ ğ‘¨ğ‘®ğ‘¹ğ‘¬ğ‘¬ğ‘«! 

ğ—£ğ—  ğ—ğ—¼ğ—µğ—»ğ˜€ğ—¼ğ—» ğ—µğ—®ğ—¶ğ—¹ğ˜€ 'ğ—´ğ—¿ğ—²ğ—®ğ˜' ğ—»ğ—²ğ˜„ ğ—•ğ—¿ğ—²ğ˜…ğ—¶ğ˜ ğ—±ğ—²ğ—®ğ—¹ ğ—¯ğ˜‚ğ˜ ğ——ğ—¨ğ—£ ğ˜€ğ—®ğ˜†ğ˜€ 'ğ—»ğ—¼'

WESTMINSTER - (Bywire News) Prime Minister Boris Johnson said on Thursday that Britain and the European Union had agreed a ""great"" new Brexit deal but still faced resistance from the Northern Irish Democratic Unionist Party (DUP) as he sought support for the deal.

Britain and the European Union have been racing to renegotiate the Withdrawal Agreement in time for an Oct. 31 Brexit, but the deal still needs approval from parliament.

""We've got a great new deal that takes back control,"" Johnson said in a tweet.

""Now parliament should get Brexit done on Saturday so we can move on to other priorities like the cost of living, the NHS, violent crime and our environment.""

However, the DUP, who have expressed concerns that the Brexit deal could cut Northern Ireland off from Britain in customs and regulatory terms, said there had been no change in their position following the confirmation of the deal.

Earlier the DUP had said it could not support the last-ditch Brexit proposal due to concerns about the issues of customs and consent, adding there was a lack of clarity on VAT (sales tax) arrangements.

https://bywire.news/articles/brexit-deal-agreed-with-eu-clinched-in-brussels-johnson-still-needs-backing-at-home",bywire.news,PM Johnson hails 'great' new Brexit deal but DUP says 'no' WEWSTMINISTER - (Bywire News) Prime Minister Boris Johnson s...,"BREXIT DEAL AGREED WITH EU - clinched in Brussels, Johnson still needs backing at home",2019-10-17T10:09:36+0000,2019-10-18T10:09:32+0000,Labour Leave,1000,1999,0,99,https://www.facebook.com/ads/library/?id=2141748929465077
252058155728062,112846662487263,Labour Future,"ğ‘©ğ‘¹ğ‘¬ğ‘¨ğ‘²ğ‘°ğ‘µğ‘® ğ‘µğ‘¬ğ‘¾ğ‘º: ğ‘¬ğ‘¼/ğ‘¼ğ‘² ğ‘©ğ‘¹ğ‘¬ğ‘¿ğ‘°ğ‘» ğ‘«ğ‘¬ğ‘¨ğ‘³ ğ‘¯ğ‘¨ğ‘½ğ‘¬ ğ‘©ğ‘¬ğ‘¬ğ‘µ ğ‘¨ğ‘®ğ‘¹ğ‘¬ğ‘¬ğ‘«! 

ğ—£ğ—  ğ—ğ—¼ğ—µğ—»ğ˜€ğ—¼ğ—» ğ—µğ—®ğ—¶ğ—¹ğ˜€ 'ğ—´ğ—¿ğ—²ğ—®ğ˜' ğ—»ğ—²ğ˜„ ğ—•ğ—¿ğ—²ğ˜…ğ—¶ğ˜ ğ—±ğ—²ğ—®ğ—¹ ğ—¯ğ˜‚ğ˜ ğ——ğ—¨ğ—£ ğ˜€ğ—®ğ˜†ğ˜€ 'ğ—»ğ—¼'

WESTMINSTER - (Bywire News) Prime Minister Boris Johnson said on Thursday that Britain and the European Union had agreed a ""great"" new Brexit deal but still faced resistance from the Northern Irish Democratic Unionist Party (DUP) as he sought support for the deal.

Britain and the European Union have been racing to renegotiate the Withdrawal Agreement in time for an Oct. 31 Brexit, but the deal still needs approval from parliament.

""We've got a great new deal that takes back control,"" Johnson said in a tweet.

""Now parliament should get Brexit done on Saturday so we can move on to other priorities like the cost of living, the NHS, violent crime and our environment.""

However, the DUP, who have expressed concerns that the Brexit deal could cut Northern Ireland off from Britain in customs and regulatory terms, said there had been no change in their position following the confirmation of the deal.

Earlier the DUP had said it could not support the last-ditch Brexit proposal due to concerns about the issues of customs and consent, adding there was a lack of clarity on VAT (sales tax) arrangements.

https://bywire.news/articles/brexit-deal-agreed-with-eu-clinched-in-brussels-johnson-still-needs-backing-at-home",bywire.news,PM Johnson hails 'great' new Brexit deal but DUP says 'no' WEWSTMINISTER - (Bywire News) Prime Minister Boris Johnson s...,"BREXIT DEAL AGREED WITH EU - clinched in Brussels, Johnson still needs backing at home",2019-10-17T10:09:12+0000,2019-10-18T10:09:09+0000,Labour Future,6000,6999,0,99,https://www.facebook.com/ads/library/?id=252058155728062
2477169849237680,1816763931890214,Society for the Protection of Unborn Children in Northern Ireland,"Where are Sinn Fein?

Are they willing to put narrow, party-political, interest before the lives of unborn children and the restoration of local government?

Contact Sinn Fein and demand they form an Executive before the 22nd to stop this Westminster-imposed radical abortion regime!

Falls Road office: 02890 347 350/ admin@sinnfein.ie
Connolly House: 02890 808 404/  connollyhouse@sinnfein.ie

https://www.bbc.co.uk/news/uk-northern-ireland-50062998",bbc.com,"Sinn FÃ©in dubs the move to recall the Northern Ireland Assembly a ""political stunt"".",DUP urge Stormont recall to stop abortion reform,2019-10-16T20:06:17+0000,2019-10-20T20:06:12+0000,SPUC (Society for the Protection of Unborn Children),5000,5999,0,99,https://www.facebook.com/ads/library/?id=2477169849237680
410079393244263,782447081914612,Paul Girvan for South Antrim,"Interesting comment by SFâ€™s current leader in Northern Ireland. No devolution because of Brexit, and because the DUP brought over Â£1 billion to Northern Ireland through our Confidence and Supply Agreement with the Conservatives. 
The real reasons for their boycott of Government laid bare.

Share this post to let Northern Ireland know the truth.",,,,2019-10-10T11:31:33+0000,2019-10-12T11:31:31+0000,William Paul Girvan,0,999,0,99,https://www.facebook.com/ads/library/?id=410079393244263
3346785428672651,396013737832767,I Love EU,"Borisâ€™s Top Secret ğŸ“” Diary. Monday 7th October 2019. 
7.24
Pointless to see all those EU ğŸ‡ªğŸ‡º leaders, Iâ€™ll just give them a call ğŸ“ and say OK we wonâ€™t ask you to throw Ireland ğŸ‡®ğŸ‡ª under a ğŸšŒ bus, a small car ğŸš˜ will do. 
7.56
Apparently to get food across the Irish â˜˜ï¸ border ğŸš§will require 1.4 million forms ğŸ“‘ to be filled in per day. 
7.12
FFS,  there are only enough professionals ğŸ‘©ğŸ¼â€âœˆï¸ğŸ‘¨ğŸ½â€ğŸ”¬ for 400k, but never forget 17.4 million people voted ğŸ—³ to Leave ğŸš€. 
7.30
Weâ€™ve got the DUP ğŸ¦•on board and the ERG ğŸ¦–, and The Sun â˜€ï¸ readers ğŸ£ will believe whatever we tell them. 
7.45
Even after they lose their jobs. Theyâ€™ll just blame ğŸ˜¡ the EU ğŸ‡ªğŸ‡ºas instructed. 
8.43
Put the boot ğŸ‘¢ in, Putin assures me that he is innocent ğŸ˜‡ regarding Salisbury ğŸ¦ âš°ï¸. 
9.00
Vladimir also ğŸ§›â€â™‚ï¸ said the 2600 Facebook accounts based in his hometown of St Petersburg ğŸªsending out Leave propaganda ğŸ¦„ in the 2016 Referendum had nothing to do with him ğŸ¤·ğŸ¼â€â™‚ï¸ and I believe him ğŸ§šğŸ½â€â™‚ï¸. 
9.10
If I get the ğŸ¥¾ boot, Iâ€™ll become a stand up comedian ğŸ˜º and do a double act ğŸ‘¯â€â™€ï¸ with Mogg ğŸ©. Those wind bags ğŸŒ¬ Trump ğŸ’¨and Nigel Fartage ğŸ’©ğŸ’¨can join us, weâ€™ll have a ğŸˆgas.",,,,2019-10-07T12:15:00+0000,2019-10-17T12:14:56+0000,Terence Brotheridge,0,999,0,99,https://www.facebook.com/ads/library/?id=3346785428672651
1315917168569804,999682533550783,Loving Europe 2,"Borisâ€™s Top Secret ğŸ“” Diary. Monday 7th October 2019. 
7.24
Pointless to see all those EU ğŸ‡ªğŸ‡º leaders, Iâ€™ll just give them a call ğŸ“ and say OK we wonâ€™t ask you to throw Ireland ğŸ‡®ğŸ‡ª under a ğŸšŒ bus, a small car ğŸš˜ will do. 
7.56
Apparently to get food across the Irish â˜˜ï¸ border ğŸš§will require 1.4 million forms ğŸ“‘ to be filled in per day. 
7.12
FFS,  there are only enough professionals ğŸ‘©ğŸ¼â€âœˆï¸ğŸ‘¨ğŸ½â€ğŸ”¬ for 400k, but never forget 17.4 million people voted ğŸ—³ to Leave ğŸš€. 
7.30
Weâ€™ve got the DUP ğŸ¦•on board and the ERG ğŸ¦–, and The Sun â˜€ï¸ readers ğŸ£ will believe whatever we tell them. 
7.45
Even after they lose their jobs. Theyâ€™ll just blame ğŸ˜¡ the EU ğŸ‡ªğŸ‡ºas instructed. 
8.43
Put the boot ğŸ‘¢ in, Putin assures me that he is innocent ğŸ˜‡ regarding Salisbury ğŸ¦ âš°ï¸. 
9.00
Vladimir also ğŸ§›â€â™‚ï¸ said the 2600 Facebook accounts based in his hometown of St Petersburg ğŸªsending out Leave propaganda ğŸ¦„ in the 2016 Referendum had nothing to do with him ğŸ¤·ğŸ¼â€â™‚ï¸ and I believe him ğŸ§šğŸ½â€â™‚ï¸. 
9.10
If I get the ğŸ¥¾ boot, Iâ€™ll become a stand up comedian ğŸ˜º and do a double act ğŸ‘¯â€â™€ï¸ with Mogg ğŸ©. Those wind bags ğŸŒ¬ Trump ğŸ’¨and Nigel Fartage ğŸ’©ğŸ’¨can join us, weâ€™ll have a ğŸˆgas.",,,,2019-10-07T12:14:23+0000,2019-10-17T12:14:20+0000,Terence Brotheridge,0,999,0,99,https://www.facebook.com/ads/library/?id=1315917168569804
2431331340478250,1816763931890214,Society for the Protection of Unborn Children in Northern Ireland,"Time is running out for the unborn of Northern Ireland. If Stormont doesn't reconvene in TWO WEEKS (21 October) one of the most extreme abortion regimes in Europe will be imposed, with no consultation with the people.

Keep signing and sharing our petition to keep up the pressure on the DUP, the pro-life party, to return to Stormont and challenge the other parties to do the same.

https://www.spuc.org.uk/duppetition",,,,2019-10-07T09:08:10+0000,2019-10-08T09:08:06+0000,SPUC (Society for the Protection of Unborn Children),1000,4999,0,99,https://www.facebook.com/ads/library/?id=2431331340478250
392518991383653,2287028764946341,George Holt,"Arlene!

#DUP #CPC19 #MANCHESTER #CONSERVATIVE #conference #youngconservatives #ireland
#belfast",instagram.com,"Welcome back to Instagram. Sign in to check out what your friends, family & interests have been capturing & sharing around the world.",Login â€¢ Instagram,2019-10-02T18:25:59+0000,2019-10-04T18:25:54+0000,Georgeraymond Holt,0,999,0,99,https://www.facebook.com/ads/library/?id=392518991383653
2081220618853379,2001514956807615,David Graham,"It was a privilege to speak and lay this wreath at the Sandy Row Rangers memorial event for Fernando Ricksen last night 

Thank you to Warren for the invite to me, Tracy Kelly DUP and Group Leader, Cllr George Dorrian

His fighting spirit knew no bounds 

Psalm 95:7 ğŸ’™",,,,2019-09-30T10:19:59+0000,2019-10-06T07:32:26+0000,Mr David Graham,1000,4999,0,99,https://www.facebook.com/ads/library/?id=2081220618853379
386089125396504,1816763931890214,Society for the Protection of Unborn Children in Northern Ireland,"If Stormont doesn't sit by 21 October, the most radical abortion regime in Western Europe will be imposed upon Northern Ireland. 

As the leading pro-life political party, we are calling on the DUP to do all in their power to get Stormont up and running again. Only by restoring devolution can this extreme abortion regime be halted. We appeal to the DUP to return to Stormont immediately and to challenge the other parties to do the same.

SIGN AND SHARE TO SAVE UNBORN BABIES IN NORTHERN IRELAND.

https://www.spuc.org.uk/duppetition",spuc.org.uk,SPUC Website,DUP NI Petition,2019-09-30T10:09:42+0000,2019-10-05T10:09:41+0000,SPUC (Society for the Protection of Unborn Children),5000,9999,0,99,https://www.facebook.com/ads/library/?id=386089125396504
514485735968506,1561905844138855,John Feely - Sinn FÃ©in,"As Boris does his best to crash out of Europe, with the help of the DUP, there could be a Westminster election coming very soon.

In Fermanagh South Tyrone there is only one anti-brexit candidate who can win - Michelle Gildernew MP.

If you're not on the electoral register apply today through the following link;

http://www.eoni.org.uk/Register-To-Vote/Register-to-vote-change-address-change-name",,,,2019-09-27T18:08:00+0000,2019-09-29T18:08:00+0000,Sinn FÃ©in Fermanagh,1000,4999,0,99,https://www.facebook.com/ads/library/?id=514485735968506
649135435496150,1751896575039996,Windsor Labour Party,"Join us on Tuesday 1st October at Old Court (basement) in St Leonard's Road Windsor from 7.30pm where we have Peter Stefanovic coming to talk to us.  This is a free to attend event but as we had to hire the room we will have a change collection.  

Peter Stefanovic is a high profile Lawyer, straight-talking Journalist, blogger, Filmmaker, campaigner, Labour supporter and Political and Social Commentator widely known for his no nonsense films debunking Political deceit.

He has a weekly post reach of over 10 million people. Stefanovic is a former Partner at national Law Firm Simpson Millar LLP. Heralded as one of the UK's most successful Clinical Negligence Lawyers Stefanovic was nominated for Legal Personality of the Year in 2016. He is a champion for social Justice and the NHS. He is a columnist in THE WORD Newspaper and regularly appears on television and radio. His video reaction to Laura Kuenssberg (March 2017) was watched by 1.3 Million People in 48 hours. His 2 films responding to the U.K Governments confidence and supply agreement with the DUP were watched over 5 million times in a week. Stefanovic's films and Political commentaries have had over 20 million views in the past year alone",Guest Speaker: Peter Stefanovic,The Old Court,Guest Speaker: Peter Stefanovic,2019-09-27T13:09:19+0000,2019-10-01T13:09:15+0000,Alison  Carpenter,1000,4999,0,99,https://www.facebook.com/ads/library/?id=649135435496150
2368762783391088,562551783845161,Caoimhe Archibald Sinn FÃ©in,"ğŸŒ Young people will live with the consequences of the Tory/DUP Brexit, climate change and economic injustice. 

âœŠ Our message at 
@QUBelfast
 Freshers' Fayre is get registered and make your voice heard!

ğŸ—³ï¸ Sign up today: http://gov.uk/register-to-vote",,,Queen's Feashers,2019-09-26T17:30:28+0000,2019-09-27T17:30:15+0000,SORCHA HANORA FLEMING-ARCHIB,0,999,0,99,https://www.facebook.com/ads/library/?id=2368762783391088
937515176617711,782447081914612,Paul Girvan for South Antrim,"Well done Diane Dodds. 

Sinn Fein's never ending glorification of their murderous escapades is a slap in the face to the innocent victims of their terrorist campaign.

Over to the President of the European Parliament to penalize this glorification of criminal activity by British MEP, Martina Anderson.

https://www.belfasttelegraph.co.uk/news/northern-ireland/diane-dodds-writes-to-eu-parliament-president-over-martina-anderson-maze-escape-tweet-38537243.html",belfasttelegraph.co.uk,A DUP MEP has written to the President of the European Parliament about a social media post by Martina Anderson celebrating the Maze Prison escape.,Diane Dodds writes to EU Parliament president over Martina Anderson Maze escape tweet,2019-09-26T15:45:34+0000,2019-09-27T15:45:32+0000,William Paul Girvan,0,999,0,99,https://www.facebook.com/ads/library/?id=937515176617711
241316546782531,107582715996851,SPUC (Society for the Protection of Unborn Children),"Sir Jeffrey Donaldson MP, Chief Whip of the DUP, told the 2019 SPUC  National conference at the weekend that the support of people in England, Wales and Scotland is needed to stop abortion being imposed on Northern Ireland. 

Watch what he says and click through to our action alert to write to your MP now! 

https://mailchi.mp/spuc.org.uk/action-alert-write-to-your-mp-to-stop-abortion-being-imposed-on-ni",,,How can people in the rest of the UK help stop abortion being imposed on Northern Ireland?,2019-09-23T09:13:38+0000,2019-09-28T09:13:27+0000,SPUC (Society for the Protection of Unborn Children),1000,4999,0,99,https://www.facebook.com/ads/library/?id=241316546782531
765040750583793,1816763931890214,Society for the Protection of Unborn Children in Northern Ireland,"If Stormont doesn't sit by 21 October, the most radical abortion regime in Western Europe will be imposed upon Northern Ireland. 

As the leading pro-life political party, we are calling on the DUP to do all in their power to get Stormont up and running again. Only by restoring devolution can this extreme abortion regime be halted. We appeal to the DUP to return to Stormont immediately and to challenge the other parties to do the same.

SIGN AND SHARE TO SAVE UNBORN BABIES IN NORTHERN IRELAND.

https://www.spuc.org.uk/duppetition",spuc.org.uk,SPUC Website,DUP NI Petition,2019-09-23T09:05:45+0000,2019-09-28T09:05:44+0000,SPUC (Society for the Protection of Unborn Children),1000,4999,0,99,https://www.facebook.com/ads/library/?id=765040750583793
542741289795898,1816763931890214,Society for the Protection of Unborn Children in Northern Ireland,"If Stormont doesn't sit by 21 October, the most radical abortion regime in Western Europe will be imposed upon Northern Ireland. 

As the leading pro-life political party, we are calling on the DUP to do all in their power to get Stormont up and running again. Only by restoring devolution can this extreme abortion regime be halted. We appeal to the DUP to return to Stormont immediately and to challenge the other parties to do the same.

SIGN AND SHARE TO SAVE UNBORN BABIES IN NORTHERN IRELAND.

https://www.spuc.org.uk/duppetition",spuc.org.uk,SPUC Website,DUP NI Petition,2019-09-23T09:02:05+0000,2019-10-03T09:02:01+0000,SPUC (Society for the Protection of Unborn Children),5000,9999,0,99,https://www.facebook.com/ads/library/?id=542741289795898
451424788803675,107582715996851,SPUC (Society for the Protection of Unborn Children),"Sir Jeffrey Donaldson MP, Chief Whip of the DUP, told the 2019 SPUC National conference at the weekend that the support of people in England, Wales and Scotland is needed to stop abortion being imposed on Northern Ireland.

Watch what he says and click through to our action alert to write to your MP now!

http://ow.ly/aJuX50wePIo

#demandstormont #notinourname #saveourlaws #theNorthmustprotect #theNorthProtects #prolife #spuc #DUP #endabortion #loveboth #bothlivesmatter",tinyurl.com,,,2019-09-18T13:45:13+0000,2019-09-24T13:45:00+0000,SPUC (Society for the Protection of Unborn Children),5000,9999,0,99,https://www.facebook.com/ads/library/?id=451424788803675
2461802710813532,107582715996851,SPUC (Society for the Protection of Unborn Children),"Sir Jeffrey Donaldson MP, Chief Whip of the DUP, told the 2019 SPUC National conference at the weekend that the support of people in England, Wales and Scotland is needed to stop abortion being imposed on Northern Ireland.

Watch what he says and click through to our action alert to write to your MP now!

http://ow.ly/aJuX50wePIo

#demandstormont #notinourname #saveourlaws #theNorthmustprotect #theNorthProtects #prolife #spuc #DUP #endabortion #loveboth #bothlivesmatter",tinyurl.com,,,2019-09-18T13:45:13+0000,2019-09-24T13:45:00+0000,SPUC (Society for the Protection of Unborn Children),1000,4999,0,99,https://www.facebook.com/ads/library/?id=2461802710813532
2492769150817879,1816763931890214,Society for the Protection of Unborn Children in Northern Ireland,"If Stormont isn't returned by the 21st October the most radical abortion regime in Western Europe will be imposed upon Northern Ireland. 

Please support our petition to lobby the DUP for a return to Stormont by 21st October, and save the lives of unborn children.

https://www.spuc.org.uk/duppetition",spuc.org.uk,SPUC Website,DUP NI Petition,2019-09-17T11:15:11+0000,2019-09-21T11:15:08+0000,SPUC (Society for the Protection of Unborn Children),5000,9999,0,99,https://www.facebook.com/ads/library/?id=2492769150817879
368021530740807,107582715996851,SPUC (Society for the Protection of Unborn Children),www. www.spuc.org.uk/duppetition,spuc.org.uk,SPUC Website,DUP NI Petition,2019-09-17T09:34:02+0000,2019-09-21T09:33:52+0000,SPUC (Society for the Protection of Unborn Children),1000,4999,0,99,https://www.facebook.com/ads/library/?id=368021530740807
514832332678573,107582715996851,SPUC (Society for the Protection of Unborn Children),"âš ï¸ACTION ALERT. New petition for people in Northern Ireland. Sign now and urge the DUP to bring back Stormont to avert abortion decriminalisationâš ï¸

https://www.spuc.org.uk/duppetition",spuc.org.uk,SPUC Website,DUP NI Petition,2019-09-14T17:40:56+0000,2019-09-19T17:40:52+0000,SPUC (Society for the Protection of Unborn Children),1000,4999,0,99,https://www.facebook.com/ads/library/?id=514832332678573
2182429475199144,105732052794210,Democratic Unionist Party,"Whenever a General Election is called, the DUP will stand on our record. Whilst others have been on the sidelines only the DUP has secured extra resources for our schools and hospitals.",,,DUP delivers for Northern Ireland,2019-09-13T17:09:38+0000,2019-09-17T17:09:25+0000,Democratic Unionist Party,10000,49999,0,99,https://www.facebook.com/ads/library/?id=2182429475199144
853942831665934,1598610823707724,Elma Orkestra,"!!!!BRAND NEW VIDEO!!!! Everyone shoud take 3 minutes out of your day, and watch this. Huge thank you to Gregory Campbell from the DUP, Colum Eastwood from the Social Democratic and Labour Party (SDLP) & Eamonn McCann from PBP for making this video so special. Little Acorns Bookstore (Derry), Gerard Clarke & Brandywell Stadium thank you for helping us make this. Its a poem about compromise, a poem about peace and understanding. This is MY ISLAND!!!!!
Thank you Quiet Arch Arts Council of Northern Ireland. 

Elma Orkestra & Ryan Vail",,,'My Island',2019-09-12T11:05:47+0000,2019-09-19T11:05:44+0000,,1000,4999,0,99,https://www.facebook.com/ads/library/?id=853942831665934
2318770378235832,1438277916422973,"Paula Bradshaw, Alliance Party","*Press Statement

*Alliance Party selects Bradshaw to contest South Belfast having emerged as largest party in May*
 
The Alliance Party has selected local MLA Paula Bradshaw to contest the South Belfast constituency at the Westminster election as it seeks to build on its status as the largest Remain party in the constituency at this yearâ€™s elections.
 
Ms Bradshaw stated: â€œThe Alliance Party emerged over 2000 votes clear of any other Remain party in the South Belfast constituency at Mayâ€™s local election. Naomi Longâ€™s victory at the subsequent European Election further demonstrated that we are best placed to build the necessary range of support across the whole constituency to unseat the DUP. Since May, we have double the elected representation of any other Remain party.
 
â€œThis cannot be a tired old Nationalist versus Unionist election. This election must be United Community against Brexit. This is one reason I am proud to designate â€˜United Communityâ€™ in the Assembly.â€
 
â€œI will also be standing on the Alliance Party reputation for hard work and delivery right across the constituency. On issues ranging from the availability of cancer drugs to HPV vaccines, the Alliance Party in South Belfast has shown an ability not just to talk about things, but to get things done, which have a real impact on peopleâ€™s daily lives.
 
â€œSouth Belfast is also an overwhelmingly Remain constituency which is why it swung so heavily behind Alliance at the European Elections. The choice before the public is simple. If they simply do the same the same thing they did in May and vote Alliance, they will elect a United Community Remain MP representative of the whole constituency.â€

Speaking in support of Paula, Alliance Leader Naomi Long MEP said: â€œIt was clear in May that Alliance has a unique ability to reach across the community, and that by voting Alliance you can get people elected at all levels you represent your views.

â€œI want to tell people in South Belfast that there can be no better person to do that than Paula Bradshaw. You have seen how hard she has worked and the real change she has delivered even without a sitting Assembly, putting shoe leather on the ground and getting your problems solved.

â€œWith Paulaâ€™s focus on detail and her expertise in all areas relevant to Brexit, with two relevant degrees and two decadesâ€™ worth of work in and for the community covering the key regulations and funding which will be affected by our future relationship with the EU, I am saying to the people of South Belfast there can be no better person to represent you and to turn up and ensure your interests are protected.

â€œIt is clear the Alliance surge is continuing. So I urge you to get behind Paula and her Alliance team the way you got behind Alliance in May, and you will deliver the same result.â€",,,,2019-09-11T20:42:01+0000,2019-09-14T20:42:00+0000,Mrs Michelle Guy,1000,4999,0,99,https://www.facebook.com/ads/library/?id=2318770378235832
498396880949653,669323733273130,Cllr. SÃ©amas De Faoite,"There's a chance to stop #Brexit in the coming Westminster election. Alasdair McDonnell recognises just how important that is.

Claire Hanna is South Belfast's best bet to take out the DUP. Time for Remainers to unite.",belfasttelegraph.co.uk,Former SDLP leader Dr Alasdair McDonnell has withdrawn from the race to be his partyâ€™s South Belfast candidate in the next Westminster election.,"Brexit: Remain candidate can oust DUP's Emma Little Pengelly, says SDLP's McDonnell as pulls out of race for South Belfast",2019-09-11T14:27:34+0000,2019-09-12T14:27:31+0000,SÃ©amas de Faoite,0,999,0,99,https://www.facebook.com/ads/library/?id=498396880949653
858321497896263,20550602416,Attila the Stockbroker,"Unprecedented, historic scenes in the House last night. Johnsonâ€™s prorogation of parliament at such a crucial time in our history is a tragic act of folly equal to anything Charles I came up with, an act of the most abject cowardice and an insult to our intelligence as a nation. 

But the opposition have played an absolute blinder. As a student of politics it was wonderful to see the legislature seize power from the executive, turn Johnsonâ€™s planned massive, rampant election into an impotent flop and force him to either get a deal or ask the E.U. for an extension.  

In my opinion neither of these were in Cummingsâ€™ plans at all: if the law is adhered to and the Brexit communications revealed, I predict they will reveal strategy for an election framed as â€˜parliament versus the peopleâ€™ straddling a chaotic no-deal crash out  - with all the blame shoved onto Johnny Foreigner of course.  

This is now on the back burner and the ball is in Johnsonâ€™s  court. His massive hubris led him to believe Cummings would be able to play Parliament for fools and the strategy would work, but itâ€™s been torpedoed. Now he has the choice between finding a deal, going cap in hand to Brussels to ask for an extension or breaking the law. 

So what will happen now? Do remember that Johnsonâ€™s lack of principle makes Niccolo Machiavelli look like Thomas Paine, as the infamous pro-Remain essay bears witness. He doesnâ€™t actually believe in anything at all apart from what is best for Boris Johnson. So my prediction is that he will change tack and go for a deal, with an election message to follow claiming credit for ending the crisis, and since the DUP are out of the equation now heâ€™s lost his majority I predict heâ€™ll go for the Northern Ireland only backstop option. 

Itâ€™s not unlikely that at the  eleventh hour some kind of deal will be stitched together and weâ€™ll leave the EU without literally falling off the White Cliffs of Dover on October 31st. The alternatives - dying in a ditch, asking for an extension or going to jail - will not appeal to the studiedly scruffy egomaniac one bit.

In that circumstance small businesses, people reliant on medicines, travelling musicians like myself and everyone apart from the large but minority cohort of 50 plus tabloid engendered irrationality addicts  (Iâ€™ll avoid the meat-related cliche) will breathe a sigh of relief. 

Then comes the election. Johnson will lay claim to the title of national saviour, the Brexit Party and DUP will scream â€˜betrayalâ€™ but probably wonâ€™t stand against him despite everything they have said for fear of splitting the vote and letting JC in, and aided by the mainstream media a lot of people will give Johnson credit for â€˜delivering Brexitâ€™.  

That is where I predict weâ€™ll end up in a few weeks. I may well be wrong, of course, but having weighed up all the alternatives, there you are. 

Whether it is this scenario or virtually any other, though, it is my ABSOLUTE CONVICTION that if the anti Johnson vote is split between Labour, Greens, Lib Demâ€™s, Plaid and Scottish Nats JOHNSON WILL WIN. His entire strategy is facing a divided opposition. In order to defeat him the opposition must pursue the same strategy in the country as they just have in Parliament and stand ONE candidate against the Tories in every seat. 

To those who say the Lib Demâ€™s are a bunch of untrustworthy, opportunistic con artists I say I fully agree. But Iâ€™d rather be in coalition with Arfur Daley than be governed by Oswald Mosley. 

Mark my words, if Johnson wins the next election we will have the most right wing government in our history. And those who put party loyalties before defeating that are, in my view, totally misguided. Conventional politics is over.",,,,2019-09-10T16:49:43+0000,2019-09-11T16:49:43+0000,John Charles Baine,0,999,0,99,https://www.facebook.com/ads/library/?id=858321497896263
2374905062772457,108232760559355,Glasgow RFB,"The Supposedly impartial Scottish newspapers have been successfully antagonistic in their reports regarding the two parades that have been allowed by GDC to march tomorrow , surely even the dumbest of the dumb can see that these are conservative views no doubt being administered by a unionist Conservative Government backed by the DUP that we are in the unfortunate position of being Governed by , the past weeks influential statements in their newspapers have antagonised Protestant members of the public who would normally have no interest in republican parades.
Normally these parades would go through their routes with no incident as they have done for many years but now they are being attacked from all angles - If there is bloodshed tomorrow then the newspapers must take responsibility for creating this sudden rise in tensions, without their partisan views highlighted in their ENGLISH owned newspapers there would be no mass protest.
Police Scotland have had to deploy 450 police officers to deal with two small parades which would normally take maximum 50 officers to police.

At the Govan unity parade 
Rioters were 
Allowed to make barriers 
Allowed to follow the parade whilst hurling abuse.
Allowed to tell the police to F off 
Allowed to cover their faces and wear balaclavas.
Allowed to attack the police without charge or mass arrests.

Loyalists are being allowed to run riot in the streets of Glasgow.

Sectarianism has no place in Scotland police should uphold the law and newspapers should report fact and act responsibly.

Please share before this post gets removed - again âœŠâœŠâœŠ",,,,2019-09-06T12:53:00+0000,2019-09-16T12:52:58+0000,,0,999,0,99,https://www.facebook.com/ads/library/?id=2374905062772457
1113464048840556,105732052794210,Democratic Unionist Party,"Alongside schools, hospitals and policing that will benefit from Â£400million extra announced today, we made the case for funding for the hospice and for victims of the contaminated blood scandal.

The DUP is delivering for Northern Ireland. No other party has delivered on the issues that matter.",,,"Â£400million for schools, hospitals and policing",2019-09-04T16:57:11+0000,2019-09-08T16:57:01+0000,Democratic Unionist Party,10000,49999,0,99,https://www.facebook.com/ads/library/?id=1113464048840556
762876204170224,187160521723234,W&SE4Corbyn for PM,"Contrasting Two Labour MPs. On the left Diana Johnson receiving the award as best back bench MP 2018 from Jon Snow for successfully campaigning for the victims of the NHS contaminated blood scandal, and successfully launching the new Abortion Bill in November 2018. On the right, our own Wythenshawe MP, Shadow Schools  minister, Mr Mike Kane, who voted with the DUP and 108 Tories against the new Abortion Bill which would extend the same abortion rights to women in Northern Ireland that women in the rest of the UK, and indeed the majority Catholic Irish Republic, enjoy. This is the Bill Mr Kane and the DUP voted against, and that the majority of MPs, including even a majority of Tories, voted to support:- 
â€¢ to remove criminal liability in respect of abortion performed with the consent of the pregnant woman up to the twenty-fourth week of pregnancy;
â€¢ to repeal sections 59 and 60 of the Offences Against the Person Act 1861.
â€¢ to create offences of termination of a pregnancy after its twenty-fourth week and non-consensual termination of a pregnancy;
â€¢ to amend the law relating to conscientious objection to participation in abortion treatment;
â€¢ and for connected purposes.
â€¢ The proposed bill would apply to Northern Ireland where at the moment the Infant Life (Preservation) Act 1929 only permitted abortion to preserve the life of the mother and many women cross the border to the Republic or cross over to England to seek an abortion.
This Page supports reproductive freedom as a basic human right and supports the right of women to equal access to reliable, quality healthcare under our present abortion law and welcomes the new law in prospect which will extend the same right to women in Northern Ireland.
One interesting footnote which could be construed as self serving. Ms. Johnson voted to reduce the number of 650 MPs â€“ Mr.Kane voted not to reduce the number. There are only 435 Congressmen in the House of Representatives in the US and only 100 in the Senate whilst we have 850 members in House of Lords.",,,,2019-09-03T22:09:50+0000,2019-09-08T22:09:48+0000,W&SE4Corbyn Admin,1000,4999,0,99,https://www.facebook.com/ads/library/?id=762876204170224
379143462781789,1692130001038191,Northenden's World,"Contrasting Two Labour MPs. On the left Diana Johnson receiving the award as best back bench MP 2018 from Jon Snow for successfully campaigning for the victims of the NHS contaminated blood scandal, and successfully launching the new Abortion Bill in November 2018. On the right, our own Wythenshawe MP, Shadow Schools  minister, Mr Mike Kane, who voted with the DUP and 108 Tories against the new Abortion Bill which would extend the same abortion rights to women in Northern Ireland that women in the rest of the UK, and indeed the majority Catholic Irish Republic, enjoy. This is the Bill Mr Kane and the DUP voted against, and that the majority of MPs, including even a majority of Tories, voted to support:- 
â€¢ to remove criminal liability in respect of abortion performed with the consent of the pregnant woman up to the twenty-fourth week of pregnancy;
â€¢ to repeal sections 59 and 60 of the Offences Against the Person Act 1861.
â€¢ to create offences of termination of a pregnancy after its twenty-fourth week and non-consensual termination of a pregnancy;
â€¢ to amend the law relating to conscientious objection to participation in abortion treatment;
â€¢ and for connected purposes.
â€¢ The proposed bill would apply to Northern Ireland where at the moment the Infant Life (Preservation) Act 1929 only permitted abortion to preserve the life of the mother and many women cross the border to the Republic or cross over to England to seek an abortion.
One interesting footnote which could be construed as self serving. Ms. Johnson voted to reduce the number of 650 MPs â€“ Mr.Kane voted not to reduce the number. There are only 435 Congressmen in the House of Representatives in the US and only 100 in the Senate whilst we have 850 members in House of Lords.
This Page supports reproductive freedom as a basic human right and supports the right of women to equal access to reliable, quality healthcare under our present abortion law and welcomes the new law in prospect which will extend the same right to women in Northern Ireland.",,,,2019-09-03T22:08:07+0000,2019-09-08T22:08:05+0000,Northenden World Admin,1000,4999,0,99,https://www.facebook.com/ads/library/?id=379143462781789
401872447350917,396013737832767,I Love EU,"Borisâ€™s Secret Diary. August 8th. 
14.00. 
Cummings on the front page of most papers again. I donâ€™t get it, Iâ€™m the photogenic one, I still have my golden locks, thanks to Lâ€™Oreal. Itâ€™s a mystery why heâ€™s photographed so much, heâ€™s got a head like a bowling ball. Whenever I see him I feel like sticking two fingers up his nose and my thumb in his ear.
15.12
Couldnâ€™t have Penny Mordaunt in the Cabinet because I donâ€™t think she fancies me. Whereas Liz Truss has that permanent twinkle that says â€œYour place or mine?â€
16.34
How things have changed, once if you told proven whoppers like my Â£350m per week for the NHS and the one Mordaunt and Gove kept trotting out about Turkey joining the EU you would be crucified. Now nobody gives a toss, we won and everyone loves a winner. 
17.45
It was Cummings who thought of the two big whoppers and his pals at Cambridge Analytica who spread the word in targeted social media ads. Pure genius. Itâ€™s a wonder that we didnâ€™t win by more. 
17.50
We gave the DUP a billion to get them on side. After Brexit we may have to give a billion to the IRA to stop them from bombing London again. As long as they stick to Ireland thatâ€™s OK, we can do business. 
18.01
As the Prince of Denmark says. â€œO God, I could be bounded in a nutshell and count myself a king of infinite space, were it not that I have bad dreams.â€ I dreamed I was naked, and lubed up from tip to toe, falling down an ever narrowing tube, in the knowledge that eventually Iâ€™d be stuck no matter how oily I was.
18.12. 
Crikey just remembered another dream. The Great Unwashed all around the world suddenly came to the realisation that Multinationals and billionaires donâ€™t pay tax and theyâ€™re also the ones who own the fossil fuels, banks, armaments and meat companies. So they marched for change in every city around the world. Horrible, Horrible!",,,,2019-08-09T00:30:47+0000,2019-08-19T00:30:46+0000,Terence Brotheridge,0,999,0,99,https://www.facebook.com/ads/library/?id=401872447350917
373461656686798,999682533550783,Loving Europe 2,"Borisâ€™s Secret Diary. August 8th. 
14.00. 
Cummings on the front page of most papers again. I donâ€™t get it, Iâ€™m the photogenic one, I still have my golden locks, thanks to Lâ€™Oreal. Itâ€™s a mystery why heâ€™s photographed so much, heâ€™s got a head like a bowling ball. Whenever I see him I feel like sticking two fingers up his nose and my thumb in his ear.
15.12
Couldnâ€™t have Penny Mordaunt in the Cabinet because I donâ€™t think she fancies me. Whereas Liz Truss has that permanent twinkle that says â€œYour place or mine?â€
16.34
How things have changed, once if you told proven whoppers like my Â£350m per week for the NHS and the one Mordaunt and Gove kept trotting out about Turkey joining the EU you would be crucified. Now nobody gives a toss, we won and everyone loves a winner. 
17.45
It was Cummings who thought of the two big whoppers and his pals at Cambridge Analytica who spread the word in targeted social media ads. Pure genius. Itâ€™s a wonder that we didnâ€™t win by more. 
17.50
We gave the DUP a billion to get them on side. After Brexit we may have to give a billion to the IRA to stop them from bombing London again. As long as they stick to Ireland thatâ€™s OK, we can do business. 
18.01
As the Prince of Denmark says. â€œO God, I could be bounded in a nutshell and count myself a king of infinite space, were it not that I have bad dreams.â€ I dreamed I was naked, and lubed up from tip to toe, falling down an ever narrowing tube, in the knowledge that eventually Iâ€™d be stuck no matter how oily I was.
18.12. 
Crikey just remembered another dream. The Great Unwashed all around the world suddenly came to the realisation that Multinationals and billionaires donâ€™t pay tax and theyâ€™re also the ones who own the fossil fuels, banks, armaments and meat companies. So they marched for change in every city around the world. Horrible, Horrible!",,,,2019-08-09T00:29:11+0000,2019-08-19T00:29:08+0000,Terence Brotheridge,0,999,0,99,https://www.facebook.com/ads/library/?id=373461656686798
276542609883805,299252797425286,Cllr EÃ³in Tennyson,"â€œThis was a clear attempt by the SDLP, UUP and DUP to water down this incredibly important motion and throw it into the long grass.â€",allianceparty.org,"Alliance councillor EÃ³in Tennyson has expressed his disappointment after the UUP, DUP and SDLP voted to amend his Climate Emergency motion and defer it to committee.",Tennyson disappointed by Climate Emergency vote,2019-07-25T19:50:17+0000,2019-07-29T19:36:04+0000,EÃ³in Tennyson,1000,4999,0,99,https://www.facebook.com/ads/library/?id=276542609883805
867194750284821,1380084685360482,Congleton Town Labour Party,"It's Congleton Pride on Saturday 20 July! Congleton Town Labour Party fully supports the LGBTQ+ community and hopes the day is a big success! Why not pop down into town to browse through the stalls and enjoy the atmosphere :)
Our Tory MP Fiona Bruce voted against the legalisation of same sex marriage in Northern Ireland. SHE DOES NOT REPRESENT US.  #notinourname #fionaout",huffingtonpost.co.uk,It was almost all Tory and DUP MPs.,The 73 MPs Who Voted Against Same-Sex Marriage And 99 Against Abortion In Northern Ireland,2019-07-17T20:13:16+0000,2019-07-20T20:13:11+0000,Congleton Town Labour Party,0,999,0,99,https://www.facebook.com/ads/library/?id=867194750284821
638455696652357,475020296594461,Darren Selkus Brexit Party,"The Government have a majority of 3 ! 
650 parliamentary seats - 1 Vacant - 1 Speaker - 7 Sinn Fein (who donâ€™t take up their position) = 641
Conservative & DUP = 322 
With a by election, rumoured defections and plenty of Tory remainer rebels thereâ€™s a general election coming soon",,,,2019-07-16T11:28:48+0000,2019-07-17T11:28:47+0000,Darren Bruce Selkus,1000,4999,0,99,https://www.facebook.com/ads/library/?id=638455696652357
2174970015934348,999682533550783,Loving Europe 2,"Boris Johnson, â€œDo or die!â€ ( As long as itâ€™s the Irish who die. )
Theresa May wanted a compromise. The ERG were greedy and wanted it all, so they brought her crashing down. They donâ€™t want the Irish border safeguard known as â€œThe backstopâ€. They would rather regurgitate â€œThe Troublesâ€, why?

The backstop means we stay in the EU indefinitely as thereâ€™s no alternative without breaking the Good Friday Agreement. We canâ€™t do a trade deal until we agree to the backstop. 

In 2015, Conservative, UKIP and DUP MEPs unsuccessfully voted against the EUâ€™s plans to crack down on corporate tax avoidance, by making companies report where they make their profits and pay taxes. 

Do you think itâ€™s a coincidence that the three parties who encourage tax avoidance for the rich are also the Brexit Parties?",,,,2019-07-13T04:34:05+0000,2019-07-23T04:34:04+0000,Terence Brotheridge,1000,4999,0,99,https://www.facebook.com/ads/library/?id=2174970015934348
1089072704630486,396013737832767,I Love EU,"THESE ARE THE 15 BENEFICIARIES OF BREXIT.

(1) The ERG, a bunch of tax dodging, flag waving, tub thumping Tory throwbacks who still believe that Britannia rules the waves, and are still fighting WW2. 
(2) Those who want to escape the EUâ€™s new â€œTax Avoidance Directiveâ€. International banks, accounting and law firms and those who use our many tax havens. 
(3)The Koch brothers, fossil fuels billionaires who back Donald Trump and want to convince us that climate change is just Project Fear. 
(4) Psychopath and richest man in the world, Vladimir Putin. He wants to break up the EU and add the weaker countries to his circle of influence. 
(5) Aaron Banks pays for climate change denier Nigel Farage to prize us away from Europe. Like Salvini in Italy and Orban in Hungary, Banks has links to Russia. 
(6) The Telegraph, Sun, Daily Mail and Express. Their billionaire owners like Murdoch and the Barclay Brothers register their newspapers and other companies in tax havens. 
(7) Drug cartels, kleptocrats, Russian oligarchs, the Mafia and other criminals who use London property and our tax havens to launder money. 
(8) Corbynâ€™s Office were obstructive to Labourâ€™s â€œStronger Inâ€ team during the Referendum. They donâ€™t want the EU interfering in their plan to nationalise literally everything. 
(9) Importers like Dyson, Wetherspoonâ€™s and JCB. Their no deal plan means crippling tariffs for exporters but zero tariffs for importers like them. 
(10) Investors in Emerging Markets like Mogg whoâ€™s company Somerset Capital Investments (Cayman & Singapore) usefully have their assets in dollars, essential for when the pound falls again after Brexit. 
(11) The American tech giants we all use, make billions but pay no tax. 
(12) The old National Front, English Defence League, Britain First and other racist groups who now vote UKIP and for the Brexit Party. 
(13) Robert Mercer the tech billionaire who backs Trump. They want to cut the U.K. away from Europe and give us an America First trade deal,  taking over our NHS in exchange for chlorinated chicken etc.
(14) Sports personalities, film and music stars plus other high earners who are groomed by accountant and law firms to send their earnings off shore to avoid tax. 
(15) The DUP who you would think would campaign to Remain to avoid the Backstop. They have twice been given Â£1bn to vote with the Tories, plus they had Â£430,000 mysteriously appear in their bank account for ads in London newspapers supporting Leave. They refuse to admit where this money came from.",,,THESE ARE THE 15 BENEFICIARIES OF BREXIT.,2019-07-13T04:13:29+0000,2019-07-23T04:13:28+0000,Terence Brotheridge,1000,4999,0,99,https://www.facebook.com/ads/library/?id=1089072704630486
2718814764814435,999682533550783,Loving Europe 2,"THESE ARE THE 15 BENEFICIARIES OF BREXIT.

(1) The ERG, a bunch of tax dodging, flag waving, tub thumping Tory throwbacks who still believe that Britannia rules the waves.
(2) Those who want to escape the EUâ€™s new â€œTax Avoidance Directiveâ€. International banks, accounting and law firms and those who use our many tax havens. 
(3)The Koch brothers, fossil fuels billionaires who Back Donald Trump and want to convince us that climate change is just Project Fear. 
(4) Psychopath and richest man in the world, Vladimir Putin. He wants to break up the EU and add the weaker countries to his circle of influence. 
(5) Aaron Banks pays for climate change denier Nigel Farage to prize us away from Europe. Like Salvini in Italy and Orban in Hungary, Banks has links to Russia. 
(6) The Telegraph, Sun, Daily Mail and Express. Their billionaire owners like Murdoch and the Barclay Brothers register their newspapers and other companies in tax havens. 
(7) Drug cartels, kleptocrats, Russian oligarchs, the Mafia and other criminals who use London property and our tax havens to launder money. 
(8) Corbynâ€™s Office were obstructive to Labourâ€™s â€œStronger Inâ€ team during the Referendum. They donâ€™t want the EU interfering in their plan to nationalise literally everything. 
(9) Importers like Dyson, Wetherspoonâ€™s and JCB. Their no deal plan means crippling tariffs for exporters but zero tariffs for importers like them. 
(10) Investors in Emerging Markets like Mogg whoâ€™s company Somerset Capital Investments (Cayman & Singapore) usefully have their assets in dollars, essential for when the pound falls again after Brexit. 
(11) The American tech giants we all use, make billions but pay no tax. 
(12) The old National Front, English Defence League, Britain First and other racist groups who now vote UKIP and for the Brexit Party. 
(13)  Robert Mercer the tech billionaire who backs Trump. They want to cut the U.K. away from Europe and give us an America First trade deal, taking over our NHS in exchange for chlorinated chicken etc.  
(14) Sports personalities, film and music stars plus other high earners who are groomed by accountant and law firms to send their earnings off shore to avoid tax. 
(15) The DUP who you would think would campaign to Remain to avoid the Backstop. They have twice been given Â£1m to vote with the Tories, plus they had Â£430,000 mysteriously appear in their bank account for ads in London newspapers supporting Leave. They refuse to admit where this money came from.",,,THESE ARE THE 15 BENEFICIARIES OF BREXIT.,2019-07-12T21:46:07+0000,2019-07-22T21:46:07+0000,Terence Brotheridge,1000,4999,0,99,https://www.facebook.com/ads/library/?id=2718814764814435
768228383594018,679879869119530,West Lancs For Europe,"THE 15 BENEFICIARIES OF BREXIT.
(1) The ERG, a bunch of tax dodging, flag waving, tub thumping Tory throwbacks who still believe that Britannia rules the waves.
(2) Those who want to escape the EUâ€™s new â€œTax Avoidance Directiveâ€. International banks, accounting and law firms and those who use our many tax havens. 
(3)The Koch brothers, fossil fuels billionaires who Back Donald Trump and want to convince us that climate change is just Project Fear. 
(4) Psychopath and richest man in the world, Vladimir Putin. He wants to break up the EU and add the weaker countries to his circle of influence. 
(5) Aaron Banks pays for climate change denier Nigel Farage to prize us away from Europe. Like Salvini in Italy and Orban in Hungary, Banks has links to Russia. 
(6) The Telegraph, Sun, Daily Mail and Express. Their billionaire owners like Murdoch and the Barclay Brothers register their newspapers and other companies in tax havens. 
(7) Drug cartels, kleptocrats, Russian oligarchs, the Mafia and other criminals who use London property and our tax havens to launder money. 
(8) Corbynâ€™s Office were obstructive to Labourâ€™s â€œStronger Inâ€ team during the Referendum. They donâ€™t want the EU interfering in their plan to nationalise literally everything. 
(9) Importers like Dyson, Wetherspoonâ€™s and JCB. Their no deal plan means crippling tariffs for exporters but zero tariffs for importers like them. 
(10) Investors in Emerging Markets like Mogg whoâ€™s company Somerset Capital Investments (Cayman & Singapore) usefully have their assets in dollars, essential for when the pound falls again after Brexit. 
(11) The American tech giants we all use, make billions but pay no tax. 
(12) The old National Front, English Defence League, Britain First and other racist groups who now vote UKIP and for the Brexit Party. 
(13) Robert Mercer the tech billionaire who backs Trump. They want to cut the U.K. away from Europe and give us an America First trade deal,  taking over our NHS in exchange for chlorinated chicken, etc.
(14) Sports personalities, film and music stars plus other high earners who are groomed by accountant and law firms to send their earnings off shore to avoid tax. 
(15) The DUP who you would think would campaign to Remain to avoid the Backstop. They have twice been given Â£1bn to vote with the Tories, plus they had Â£430,000 mysteriously appear in their bank account for ads in London newspapers supporting Leave. They refuse to admit where this money came from.",,,THE 15 BENEFICIARIES OF BREXIT.,2019-07-12T20:54:15+0000,2019-07-22T20:54:14+0000,Terence Leonard Brotheridge,1000,4999,0,99,https://www.facebook.com/ads/library/?id=768228383594018
628527080979503,999682533550783,Loving Europe 2,"THESE ARE THE 15 BENEFICIARIES OF BREXIT.

(1) The ERG, a bunch of tax dodging, flag waving, tub thumping Tory throwbacks who still believe that Britannia rules the waves.
(2) Those who want to escape the EUâ€™s new â€œTax Avoidance Directiveâ€. International banks, accounting and law firms and those who use our many tax havens. 
(3)The Koch brothers, fossil fuels billionaires who Back Donald Trump and want to convince us that climate change is just Project Fear. 
(4) Psychopath and richest man in the world, Vladimir Putin. He wants to break up the EU and add the weaker countries to his circle of influence. 
(5) Aaron Banks pays for climate change denier Nigel Farage to prize us away from Europe. Like Salvini in Italy and Orban in Hungary, Banks has links to Russia. 
(6) The Telegraph, Sun, Daily Mail and Express. Their billionaire owners like Murdoch and the Barclay Brothers register their newspapers and other companies in tax havens. 
(7) Drug cartels, kleptocrats, Russian oligarchs, the Mafia and other criminals who use London property and our tax havens to launder money. 
(8) Corbynâ€™s Office were obstructive to Labourâ€™s â€œStronger Inâ€ team during the Referendum. They donâ€™t want the EU interfering in their plan to nationalise literally everything. 
(9) Importers like Dyson, Wetherspoonâ€™s and JCB. Their no deal plan means crippling tariffs for exporters but zero tariffs for importers like them. 
(10) Investors in Emerging Markets like Mogg whoâ€™s company Somerset Capital Investments (Cayman & Singapore) usefully have their assets in dollars, essential for when the pound falls again after Brexit. 
(11) The American tech giants we all use, make billions but pay no tax. 
(12) The old National Front, English Defence League, Britain First and other racist groups who now vote UKIP and for the Brexit Party. 
(13)  Robert Mercer the tech billionaire who backs Trump. They want to cut the U.K. away from Europe and give us an America First trade deal, taking over our NHS in exchange for chlorinated chicken etc.  
(14) Sports personalities, film and music stars plus other high earners who are groomed by accountant and law firms to send their earnings off shore to avoid tax. 
(15) The DUP who you would think would campaign to Remain to avoid the Backstop. They have twice been given Â£1m to vote with the Tories, plus they had Â£430,000 mysteriously appear in their bank account for ads in London newspapers supporting Leave. They refuse to admit where this money came from.",,,THESE ARE THE 15 BENEFICIARIES OF BREXIT.,2019-07-12T18:54:44+0000,2019-07-25T18:54:43+0000,Terence Brotheridge,0,999,0,99,https://www.facebook.com/ads/library/?id=628527080979503
860383160992449,234697749901505,Cara-Friend,"An article in today's Metro Newspaper from our Director on Westminster's historic vote, and the hard work that comes next for our community. 
""61 per cent of LGBTQ+ young people in N. Ireland have had suicide ideation with 25 per cent having actually attempted suicide. For the first time they do not live under an establishment which says â€˜you are not equalâ€™. Or â€˜repulsiveâ€™, or â€˜vileâ€™, or â€˜an abominationâ€™ to quote just a few of the DUPâ€™s public pronouncements. For the first time those precious young lives live under an establishment which says â€˜You are equal. You are valued. You are lovedâ€™. What better message to send them on the 50th anniversary of the Stonewall riots?""",metro.co.uk,In Northern Ireland the time was right for the LGBTQ+ community to be extended the right to same sex marriage.,I knew I wanted to marry my partner the day we met. Finally I can,2019-07-10T13:20:40+0000,2019-07-12T13:20:36+0000,Stephen Henry Williamson,10000,49999,0,99,https://www.facebook.com/ads/library/?id=860383160992449
480677929371177,234697749901505,Cara-Friend,"As part of the Love Equality Campaign Cara-Friend are delighted that Conor McGinn's amendment on the Northern Ireland (Executive Formation) Bill regarding Equal Marriage has been selected for debate today in the House of Commons, with a vote at 7pm. Stay tuned and hopefully we'll be celebrating tonight. The poor wee DUP members seem very upset lol :)",,,,2019-07-09T12:11:55+0000,2019-07-10T12:11:53+0000,Stephen Henry Williamson,0,999,0,99,https://www.facebook.com/ads/library/?id=480677929371177
344633179541096,679879869119530,West Lancs For Europe,"Boris Johnson, â€œDo or die!â€ ( As long as itâ€™s the Irish who die. )
Theresa May wanted a compromise. The ERG were greedy and wanted it all, so they brought her crashing down. They donâ€™t want the Irish border safeguard known as â€œThe backstopâ€. They would rather regurgitate â€œThe Troublesâ€, why?

The backstop means we stay in the EU indefinitely as thereâ€™s no alternative without breaking the Good Friday Agreement. We canâ€™t do a trade deal until we agree to the backstop. 

In 2015, Conservative, UKIP and DUP MEPs unsuccessfully voted against the EUâ€™s plans to crack down on corporate tax avoidance, by making companies report where they make their profits and pay taxes. 

Do you think itâ€™s a coincidence that the three parties who encourage tax avoidance for the rich are also the Brexit Parties?",,,,2019-07-05T16:50:59+0000,2019-07-15T16:50:58+0000,Terence Leonard Brotheridge,1000,4999,0,99,https://www.facebook.com/ads/library/?id=344633179541096
458850597993559,396013737832767,I Love EU,"Boris Johnson, â€œDo or die!â€ ( As long as itâ€™s the Irish who die. )
Theresa May wanted a compromise. The ERG were greedy and wanted it all, so they brought her crashing down. They donâ€™t want the Irish border safeguard known as â€œThe backstopâ€. They would rather regurgitate â€œThe Troublesâ€, why?

The backstop means we stay in the EU indefinitely as thereâ€™s no alternative without breaking the Good Friday Agreement. We canâ€™t do a trade deal until we agree to the backstop. 

In 2015, Conservative, UKIP and DUP MEPs unsuccessfully voted against the EUâ€™s plans to crack down on corporate tax avoidance, by making companies report where they make their profits and pay taxes. 

Do you think itâ€™s a coincidence that the three parties who encourage tax avoidance for the rich are also the Brexit Parties?",,,,2019-07-04T20:44:37+0000,2019-07-14T20:44:36+0000,Terence Brotheridge,1000,4999,0,99,https://www.facebook.com/ads/library/?id=458850597993559
